Date,Time,Temp1,Temp2,Temp3
2021/6/1, 14:5:37, 10.0000, 10.6875, 10.6250
2021/6/1, 14:5:40, 10.0000, 10.7500, 10.5625
2021/6/1, 14:5:45, 10.0000, 10.7500, 10.6250
2021/6/1, 14:5:50, 10.0625, 10.7500, 10.6250
2021/6/1, 14:5:55, 10.0625, 10.7500, 10.6250
2021/6/1, 14:6:0, 10.1250, 10.8125, 10.6250
2021/6/1, 14:6:5, 10.0625, 10.7500, 10.6875
2021/6/1, 14:6:10, 10.1250, 10.8125, 10.7500
2021/6/1, 14:6:15, 10.1250, 10.8125, 10.7500
2021/6/1, 14:6:20, 10.1250, 10.8125, 10.7500
2021/6/1, 14:6:25, 10.1875, 10.8750, 10.8125
2021/6/1, 14:6:30, 10.2500, 10.8750, 10.7500
2021/6/1, 14:6:35, 10.1875, 10.9375, 10.8125
2021/6/1, 14:6:40, 10.2500, 10.9375, 10.8125
2021/6/1, 14:6:45, 10.2500, 10.9375, 10.8125
2021/6/1, 14:6:50, 10.3125, 10.8750, 10.8750
2021/6/1, 14:6:55, 10.3125, 10.9375, 10.8750
2021/6/1, 14:7:0, 10.3125, 10.9375, 10.8750
2021/6/1, 14:7:5, 10.3125, 10.9375, 10.9375
2021/6/1, 14:7:10, 10.3750, 11.0000, 10.8750
2021/6/1, 14:7:15, 10.3750, 11.0625, 10.9375
2021/6/1, 14:7:20, 10.3750, 11.0625, 10.9375
2021/6/1, 14:7:25, 10.3750, 11.0000, 11.0625
2021/6/1, 14:7:30, 10.5000, 11.0625, 11.0000
2021/6/1, 14:7:35, 10.5000, 11.0625, 11.0000
2021/6/1, 14:7:40, 10.4375, 11.1250, 11.0625
2021/6/1, 14:7:45, 10.5625, 11.1250, 11.0625
2021/6/1, 14:7:50, 10.5625, 11.1250, 11.0625
2021/6/1, 14:7:55, 10.5625, 11.1875, 11.0625
2021/6/1, 14:8:0, 10.6250, 11.1250, 11.1250
2021/6/1, 14:8:5, 10.6250, 11.1875, 11.1250
2021/6/1, 14:8:10, 10.6250, 11.2500, 11.1875
2021/6/1, 14:8:15, 10.6250, 11.2500, 11.1875
2021/6/1, 14:8:20, 10.6875, 11.2500, 11.1875
2021/6/1, 14:8:25, 10.6250, 11.2500, 11.1875
2021/6/1, 14:8:30, 10.6875, 11.3125, 11.1875
2021/6/1, 14:8:35, 10.7500, 11.3125, 11.2500
2021/6/1, 14:8:40, 10.7500, 11.3125, 11.3125
2021/6/1, 14:8:45, 10.8125, 11.3750, 11.2500
2021/6/1, 14:8:50, 10.8750, 11.3750, 11.3125
2021/6/1, 14:8:55, 10.8750, 11.3750, 11.3750
2021/6/1, 14:9:0, 10.8750, 11.3750, 11.3750
2021/6/1, 14:9:5, 10.8750, 11.4375, 11.4375
2021/6/1, 14:9:10, 10.9375, 11.4375, 11.4375
2021/6/1, 14:9:15, 10.9375, 11.4375, 11.4375
2021/6/1, 14:9:20, 10.9375, 11.5625, 11.4375
2021/6/1, 14:9:25, 11.0000, 11.5000, 11.5000
2021/6/1, 14:9:30, 10.9375, 11.5000, 11.4375
2021/6/1, 14:9:35, 11.0625, 11.5625, 11.5000
2021/6/1, 14:9:40, 11.0625, 11.6250, 11.5625
2021/6/1, 14:9:45, 11.0625, 11.5625, 11.5625
2021/6/1, 14:9:50, 11.1250, 11.6875, 11.5625
2021/6/1, 14:9:55, 11.1250, 11.6250, 11.6250
2021/6/1, 14:10:0, 11.1250, 11.6875, 11.6250
2021/6/1, 14:10:5, 11.1875, 11.6875, 11.6250
2021/6/1, 14:10:10, 11.1875, 11.6875, 11.6875
2021/6/1, 14:10:15, 11.1875, 11.7500, 11.6875
2021/6/1, 14:10:20, 11.2500, 11.7500, 11.6875
2021/6/1, 14:10:25, 11.2500, 11.8125, 11.6875
2021/6/1, 14:10:30, 11.3125, 11.8125, 11.7500
2021/6/1, 14:10:35, 11.3125, 11.8125, 11.7500
2021/6/1, 14:10:40, 11.3125, 11.8125, 11.8125
2021/6/1, 14:10:45, 11.3750, 11.8750, 11.8125
2021/6/1, 14:10:50, 11.3750, 11.8750, 11.8750
2021/6/1, 14:10:55, 11.4375, 11.8750, 11.8750
2021/6/1, 14:11:0, 11.4375, 11.8750, 11.8750
2021/6/1, 14:11:5, 11.5000, 11.8750, 11.8750
2021/6/1, 14:11:10, 11.5000, 11.9375, 11.8750
2021/6/1, 14:11:15, 11.5625, 12.0000, 11.9375
2021/6/1, 14:11:20, 11.5000, 12.0000, 11.9375
2021/6/1, 14:11:25, 11.5625, 12.0000, 11.9375
2021/6/1, 14:11:30, 11.5625, 12.0000, 12.0000
2021/6/1, 14:11:35, 11.6250, 12.0000, 12.0625
2021/6/1, 14:11:40, 11.6250, 12.1250, 12.0000
2021/6/1, 14:11:45, 11.6875, 12.1250, 12.0625
2021/6/1, 14:11:50, 11.6250, 12.1875, 12.1250
2021/6/1, 14:11:55, 11.6875, 12.1250, 12.0625
2021/6/1, 14:12:0, 11.6875, 12.1875, 12.1250
2021/6/1, 14:12:5, 11.7500, 12.2500, 12.1250
2021/6/1, 14:12:10, 11.7500, 12.2500, 12.1875
2021/6/1, 14:12:15, 11.8125, 12.1875, 12.1875
2021/6/1, 14:12:20, 11.8125, 12.2500, 12.2500
2021/6/1, 14:12:25, 11.8750, 12.3125, 12.2500
2021/6/1, 14:12:30, 11.8125, 12.3125, 12.2500
2021/6/1, 14:12:35, 11.9375, 12.3125, 12.2500
2021/6/1, 14:12:40, 11.9375, 12.3750, 12.3125
2021/6/1, 14:12:45, 11.9375, 12.3750, 12.3125
2021/6/1, 14:12:50, 12.0000, 12.3750, 12.3125
2021/6/1, 14:12:55, 12.0000, 12.5000, 12.3750
2021/6/1, 14:13:0, 12.0000, 12.4375, 12.4375
2021/6/1, 14:13:5, 12.0000, 12.5000, 12.3750
2021/6/1, 14:13:10, 12.0625, 12.4375, 12.4375
2021/6/1, 14:13:15, 12.1250, 12.5000, 12.4375
2021/6/1, 14:13:20, 12.1250, 12.5625, 12.5000
2021/6/1, 14:13:25, 12.1250, 12.5625, 12.5000
2021/6/1, 14:13:30, 12.1250, 12.5625, 12.5000
2021/6/1, 14:13:35, 12.2500, 12.5625, 12.5625
2021/6/1, 14:13:40, 12.1875, 12.6250, 12.6250
2021/6/1, 14:13:45, 12.2500, 12.6250, 12.6250
2021/6/1, 14:13:50, 12.2500, 12.6875, 12.6250
2021/6/1, 14:13:55, 12.2500, 12.6875, 12.6250
2021/6/1, 14:14:0, 12.3125, 12.6875, 12.6875
2021/6/1, 14:14:5, 12.3750, 12.6875, 12.6875
2021/6/1, 14:14:10, 12.3750, 12.7500, 12.6875
2021/6/1, 14:14:15, 12.3750, 12.7500, 12.6875
2021/6/1, 14:14:20, 12.4375, 12.7500, 12.7500
2021/6/1, 14:14:25, 12.4375, 12.8125, 12.7500
2021/6/1, 14:14:30, 12.4375, 12.8750, 12.8125
2021/6/1, 14:14:35, 12.4375, 12.8125, 12.8750
2021/6/1, 14:14:40, 12.5000, 12.9375, 12.8125
2021/6/1, 14:14:45, 12.5000, 12.9375, 12.8750
2021/6/1, 14:14:50, 12.5625, 12.8750, 12.8750
2021/6/1, 14:14:55, 12.5625, 12.9375, 12.9375
2021/6/1, 14:15:0, 12.6250, 12.9375, 12.9375
2021/6/1, 14:15:5, 12.6250, 13.0000, 13.0000
2021/6/1, 14:15:10, 12.6875, 13.0625, 13.0000
2021/6/1, 14:15:15, 12.6875, 13.0625, 13.0000
2021/6/1, 14:15:20, 12.7500, 13.0000, 13.0625
2021/6/1, 14:15:25, 12.6875, 13.0625, 13.0625
2021/6/1, 14:15:30, 12.7500, 13.0625, 13.0625
2021/6/1, 14:15:35, 12.8125, 13.1250, 13.1250
2021/6/1, 14:15:40, 12.7500, 13.1250, 13.1250
2021/6/1, 14:15:45, 12.8125, 13.1875, 13.1250
2021/6/1, 14:15:50, 12.8750, 13.1875, 13.1875
2021/6/1, 14:15:55, 12.8750, 13.1875, 13.1250
2021/6/1, 14:16:0, 12.8750, 13.2500, 13.1875
2021/6/1, 14:16:5, 12.9375, 13.2500, 13.2500
2021/6/1, 14:16:10, 12.9375, 13.2500, 13.2500
2021/6/1, 14:16:15, 12.9375, 13.2500, 13.2500
2021/6/1, 14:16:20, 13.0000, 13.3125, 13.2500
2021/6/1, 14:16:25, 13.0625, 13.3750, 13.3125
2021/6/1, 14:16:30, 13.0000, 13.3750, 13.3750
2021/6/1, 14:16:35, 13.0625, 13.3750, 13.3125
2021/6/1, 14:16:40, 13.0625, 13.3750, 13.3125
2021/6/1, 14:16:45, 13.1250, 13.3750, 13.3750
2021/6/1, 14:16:50, 13.1250, 13.4375, 13.3750
2021/6/1, 14:16:55, 13.1250, 13.4375, 13.4375
2021/6/1, 14:17:0, 13.1875, 13.5000, 13.4375
2021/6/1, 14:17:5, 13.1875, 13.5000, 13.5000
2021/6/1, 14:17:10, 13.2500, 13.5625, 13.5000
2021/6/1, 14:17:15, 13.2500, 13.5000, 13.5000
2021/6/1, 14:17:20, 13.2500, 13.5625, 13.5625
2021/6/1, 14:17:25, 13.3125, 13.6250, 13.5625
2021/6/1, 14:17:30, 13.3750, 13.6250, 13.6250
2021/6/1, 14:17:35, 13.3750, 13.6875, 13.6250
2021/6/1, 14:17:40, 13.3750, 13.6250, 13.6250
2021/6/1, 14:17:45, 13.3750, 13.6875, 13.6875
2021/6/1, 14:17:50, 13.4375, 13.6875, 13.6875
2021/6/1, 14:17:55, 13.4375, 13.7500, 13.6875
2021/6/1, 14:18:0, 13.4375, 13.7500, 13.7500
2021/6/1, 14:18:5, 13.5625, 13.7500, 13.7500
2021/6/1, 14:18:10, 13.5000, 13.7500, 13.7500
2021/6/1, 14:18:15, 13.5625, 13.8125, 13.7500
2021/6/1, 14:18:20, 13.5625, 13.8125, 13.8125
2021/6/1, 14:18:25, 13.5625, 13.8750, 13.7500
2021/6/1, 14:18:30, 13.5625, 13.8750, 13.8750
2021/6/1, 14:18:35, 13.6250, 13.8750, 13.8750
2021/6/1, 14:18:40, 13.6875, 13.9375, 13.9375
2021/6/1, 14:18:45, 13.6875, 13.9375, 13.9375
2021/6/1, 14:18:50, 13.7500, 14.0000, 13.9375
2021/6/1, 14:18:55, 13.7500, 14.0000, 14.0000
2021/6/1, 14:19:0, 13.8125, 14.0000, 14.0000
2021/6/1, 14:19:5, 13.7500, 14.0000, 14.0625
2021/6/1, 14:19:10, 13.8125, 14.0625, 14.0625
2021/6/1, 14:19:15, 13.8125, 14.1250, 14.0625
2021/6/1, 14:19:20, 13.8750, 14.1250, 14.0625
2021/6/1, 14:19:25, 13.9375, 14.1250, 14.0625
2021/6/1, 14:19:30, 13.8750, 14.1875, 14.1250
2021/6/1, 14:19:35, 13.9375, 14.1875, 14.1250
2021/6/1, 14:19:40, 13.9375, 14.1875, 14.1250
2021/6/1, 14:19:45, 14.0000, 14.2500, 14.1875
2021/6/1, 14:19:50, 14.0000, 14.2500, 14.2500
2021/6/1, 14:19:55, 14.0000, 14.2500, 14.2500
2021/6/1, 14:20:0, 14.0625, 14.2500, 14.2500
2021/6/1, 14:20:5, 14.0625, 14.3125, 14.2500
2021/6/1, 14:20:10, 14.0625, 14.3750, 14.2500
2021/6/1, 14:20:15, 14.1250, 14.3125, 14.3125
2021/6/1, 14:20:20, 14.1250, 14.3750, 14.3750
2021/6/1, 14:20:25, 14.1875, 14.3750, 14.3750
2021/6/1, 14:20:30, 14.1875, 14.4375, 14.3750
2021/6/1, 14:20:35, 14.2500, 14.4375, 14.4375
2021/6/1, 14:20:40, 14.2500, 14.4375, 14.4375
2021/6/1, 14:20:45, 14.2500, 14.4375, 14.4375
2021/6/1, 14:20:50, 14.2500, 14.5000, 14.4375
2021/6/1, 14:20:55, 14.3125, 14.5000, 14.5000
2021/6/1, 14:21:0, 14.3750, 14.5625, 14.5000
2021/6/1, 14:21:5, 14.3750, 14.5625, 14.5625
2021/6/1, 14:21:10, 14.3750, 14.5625, 14.5625
2021/6/1, 14:21:15, 14.3750, 14.6250, 14.5625
2021/6/1, 14:21:20, 14.4375, 14.6875, 14.6250
2021/6/1, 14:21:25, 14.4375, 14.6875, 14.6250
2021/6/1, 14:21:30, 14.5000, 14.6875, 14.6875
2021/6/1, 14:21:35, 14.5000, 14.6875, 14.6875
2021/6/1, 14:21:40, 14.5000, 14.7500, 14.6875
2021/6/1, 14:21:45, 14.5625, 14.7500, 14.6875
2021/6/1, 14:21:50, 14.5625, 14.7500, 14.7500
2021/6/1, 14:21:55, 14.5625, 14.7500, 14.7500
2021/6/1, 14:22:0, 14.5625, 14.8125, 14.7500
2021/6/1, 14:22:5, 14.6250, 14.8125, 14.8125
2021/6/1, 14:22:10, 14.6250, 14.8750, 14.8125
2021/6/1, 14:22:15, 14.6875, 14.8750, 14.8750
2021/6/1, 14:22:20, 14.7500, 14.8750, 14.8750
2021/6/1, 14:22:25, 14.7500, 14.8750, 14.8750
2021/6/1, 14:22:30, 14.7500, 15.0000, 14.8750
2021/6/1, 14:22:35, 14.8125, 14.9375, 14.9375
2021/6/1, 14:22:40, 14.7500, 15.0625, 15.0000
2021/6/1, 14:22:45, 14.8125, 15.0000, 14.9375
2021/6/1, 14:22:50, 14.8750, 15.0000, 14.9375
2021/6/1, 14:22:55, 14.8750, 15.0625, 15.0000
2021/6/1, 14:23:0, 14.8750, 15.0625, 15.0000
2021/6/1, 14:23:5, 14.9375, 15.0625, 15.0625
2021/6/1, 14:23:10, 14.9375, 15.1250, 15.1250
2021/6/1, 14:23:15, 14.9375, 15.1250, 15.1250
2021/6/1, 14:23:20, 15.0000, 15.1875, 15.1250
2021/6/1, 14:23:25, 15.0000, 15.1875, 15.1875
2021/6/1, 14:23:30, 15.0000, 15.2500, 15.1875
2021/6/1, 14:23:35, 15.0625, 15.1875, 15.1875
2021/6/1, 14:23:40, 15.0625, 15.2500, 15.2500
2021/6/1, 14:23:45, 15.1250, 15.3125, 15.2500
2021/6/1, 14:23:50, 15.1250, 15.3125, 15.3125
2021/6/1, 14:23:55, 15.1875, 15.3125, 15.2500
2021/6/1, 14:24:0, 15.1250, 15.3125, 15.3125
2021/6/1, 14:24:5, 15.1875, 15.3750, 15.3125
2021/6/1, 14:24:10, 15.1875, 15.3750, 15.3125
2021/6/1, 14:24:15, 15.2500, 15.3750, 15.3125
2021/6/1, 14:24:20, 15.2500, 15.4375, 15.3750
2021/6/1, 14:24:25, 15.3125, 15.4375, 15.3750
2021/6/1, 14:24:30, 15.3125, 15.4375, 15.4375
2021/6/1, 14:24:35, 15.3750, 15.5000, 15.5000
2021/6/1, 14:24:40, 15.3750, 15.5000, 15.5000
2021/6/1, 14:24:45, 15.3750, 15.5000, 15.5000
2021/6/1, 14:24:50, 15.4375, 15.5625, 15.5000
2021/6/1, 14:24:55, 15.5000, 15.5625, 15.5625
2021/6/1, 14:25:0, 15.4375, 15.6250, 15.6250
2021/6/1, 14:25:5, 15.4375, 15.6250, 15.5625
2021/6/1, 14:25:10, 15.5625, 15.6250, 15.6250
2021/6/1, 14:25:15, 15.5000, 15.6875, 15.6250
2021/6/1, 14:25:20, 15.5625, 15.6875, 15.6875
2021/6/1, 14:25:25, 15.5625, 15.7500, 15.6875
2021/6/1, 14:25:30, 15.5625, 15.6875, 15.6875
2021/6/1, 14:25:35, 15.6250, 15.7500, 15.6875
2021/6/1, 14:25:40, 15.6875, 15.8125, 15.7500
2021/6/1, 14:25:45, 15.6250, 15.8750, 15.8125
2021/6/1, 14:25:50, 15.6875, 15.8125, 15.8125
2021/6/1, 14:25:55, 15.6875, 15.8125, 15.8125
2021/6/1, 14:26:0, 15.7500, 15.8750, 15.8750
2021/6/1, 14:26:5, 15.7500, 15.8750, 15.8750
2021/6/1, 14:26:10, 15.7500, 15.8750, 15.8750
2021/6/1, 14:26:15, 15.8125, 15.9375, 15.8750
2021/6/1, 14:26:20, 15.8125, 16.0000, 15.9375
2021/6/1, 14:26:25, 15.8125, 15.9375, 15.9375
2021/6/1, 14:26:30, 15.8750, 16.0000, 16.0000
2021/6/1, 14:26:35, 15.9375, 16.0625, 16.0000
2021/6/1, 14:26:40, 15.8750, 16.0000, 16.0000
2021/6/1, 14:26:45, 15.9375, 16.0625, 16.0625
2021/6/1, 14:26:50, 15.9375, 16.1250, 16.0625
2021/6/1, 14:26:55, 16.0000, 16.1250, 16.0625
2021/6/1, 14:27:0, 16.0000, 16.1250, 16.0625
2021/6/1, 14:27:5, 16.0625, 16.1250, 16.1250
2021/6/1, 14:27:10, 16.0625, 16.1875, 16.1250
2021/6/1, 14:27:15, 16.0625, 16.1875, 16.1250
2021/6/1, 14:27:20, 16.1250, 16.1875, 16.1250
2021/6/1, 14:27:25, 16.1250, 16.2500, 16.2500
2021/6/1, 14:27:30, 16.1250, 16.2500, 16.1875
2021/6/1, 14:27:35, 16.1875, 16.2500, 16.2500
2021/6/1, 14:27:40, 16.2500, 16.2500, 16.2500
2021/6/1, 14:27:45, 16.2500, 16.3125, 16.3125
2021/6/1, 14:27:50, 16.2500, 16.3125, 16.3125
2021/6/1, 14:27:55, 16.1875, 16.3750, 16.3125
2021/6/1, 14:28:0, 16.2500, 16.3750, 16.3750
2021/6/1, 14:28:5, 16.3125, 16.4375, 16.4375
2021/6/1, 14:28:10, 16.3125, 16.4375, 16.3750
2021/6/1, 14:28:15, 16.3750, 16.4375, 16.4375
2021/6/1, 14:28:20, 16.4375, 16.4375, 16.4375
2021/6/1, 14:28:25, 16.3750, 16.4375, 16.4375
2021/6/1, 14:28:30, 16.3750, 16.5000, 16.3750
2021/6/1, 14:28:35, 16.3750, 16.5000, 16.3750
2021/6/1, 14:28:40, 16.4375, 16.5625, 16.3750
2021/6/1, 14:28:45, 16.3750, 16.5625, 16.4375
2021/6/1, 14:28:50, 16.4375, 16.6250, 16.4375
2021/6/1, 14:28:55, 16.3750, 16.5625, 16.5000
2021/6/1, 14:29:0, 16.4375, 16.6250, 16.5000
2021/6/1, 14:29:5, 16.4375, 16.6875, 16.5625
2021/6/1, 14:29:10, 16.4375, 16.6875, 16.5625
2021/6/1, 14:29:15, 16.4375, 16.6875, 16.5625
2021/6/1, 14:29:20, 16.5625, 16.7500, 16.5625
2021/6/1, 14:29:25, 16.5000, 16.7500, 16.6250
2021/6/1, 14:29:30, 16.5625, 16.7500, 16.6875
2021/6/1, 14:29:35, 16.6250, 16.7500, 16.6875
2021/6/1, 14:29:40, 16.6250, 16.8125, 16.6875
2021/6/1, 14:29:45, 16.6875, 16.8750, 16.7500
2021/6/1, 14:29:50, 16.6250, 16.8750, 16.6875
2021/6/1, 14:29:55, 16.6875, 16.8125, 16.7500
2021/6/1, 14:30:0, 16.6875, 16.8750, 16.7500
2021/6/1, 14:30:5, 16.7500, 16.9375, 16.8125
2021/6/1, 14:30:10, 16.7500, 16.9375, 16.8125
2021/6/1, 14:30:15, 16.7500, 16.9375, 16.8750
2021/6/1, 14:30:20, 16.8125, 17.0000, 16.8750
2021/6/1, 14:30:25, 16.8125, 17.0625, 16.8750
2021/6/1, 14:30:30, 16.8125, 17.0000, 16.9375
2021/6/1, 14:30:35, 16.8750, 17.0625, 16.9375
2021/6/1, 14:30:40, 16.8750, 17.0625, 17.0000
2021/6/1, 14:30:45, 16.8750, 17.1250, 16.9375
2021/6/1, 14:30:50, 16.9375, 17.1250, 17.0000
2021/6/1, 14:30:55, 17.0000, 17.1250, 17.0000
2021/6/1, 14:31:0, 17.0000, 17.1875, 17.0625
2021/6/1, 14:31:5, 17.0000, 17.1875, 17.0625
2021/6/1, 14:31:10, 17.0000, 17.1875, 17.0625
2021/6/1, 14:31:15, 17.0625, 17.1875, 17.1250
2021/6/1, 14:31:20, 17.1250, 17.2500, 17.1250
2021/6/1, 14:31:25, 17.1250, 17.3125, 17.1875
2021/6/1, 14:31:30, 17.1250, 17.3125, 17.1250
2021/6/1, 14:31:35, 17.1875, 17.2500, 17.1875
2021/6/1, 14:31:40, 17.1875, 17.3125, 17.1875
2021/6/1, 14:31:45, 17.1875, 17.2500, 17.2500
2021/6/1, 14:31:50, 17.2500, 17.2500, 17.2500
2021/6/1, 14:31:55, 17.2500, 17.2500, 17.3125
2021/6/1, 14:32:0, 17.2500, 17.3125, 17.3125
2021/6/1, 14:32:5, 17.3125, 17.3125, 17.3750
2021/6/1, 14:32:10, 17.3125, 17.3750, 17.3750
2021/6/1, 14:32:15, 17.3750, 17.3750, 17.3750
2021/6/1, 14:32:20, 17.4375, 17.4375, 17.3750
2021/6/1, 14:32:25, 17.3750, 17.4375, 17.4375
2021/6/1, 14:32:30, 17.3750, 17.3750, 17.4375
2021/6/1, 14:32:35, 17.4375, 17.5000, 17.5000
2021/6/1, 14:32:40, 17.4375, 17.5000, 17.5000
2021/6/1, 14:32:45, 17.4375, 17.5000, 17.5000
2021/6/1, 14:32:50, 17.4375, 17.5625, 17.5625
2021/6/1, 14:32:55, 17.5000, 17.5000, 17.5625
2021/6/1, 14:33:0, 17.5625, 17.5000, 17.5625
2021/6/1, 14:33:5, 17.6250, 17.5625, 17.6250
2021/6/1, 14:33:10, 17.6250, 17.6250, 17.6250
2021/6/1, 14:33:15, 17.6250, 17.6250, 17.6250
2021/6/1, 14:33:20, 17.6250, 17.6250, 17.6875
2021/6/1, 14:33:25, 17.6250, 17.6875, 17.7500
2021/6/1, 14:33:30, 17.6250, 17.6250, 17.6875
2021/6/1, 14:33:35, 17.6875, 17.6875, 17.7500
2021/6/1, 14:33:40, 17.6875, 17.6875, 17.8125
2021/6/1, 14:33:45, 17.7500, 17.7500, 17.8125
2021/6/1, 14:33:50, 17.7500, 17.8125, 17.8125
2021/6/1, 14:33:55, 17.7500, 17.8125, 17.8125
2021/6/1, 14:34:0, 17.8125, 17.8125, 17.8125
2021/6/1, 14:34:5, 17.8125, 17.8125, 17.8125
2021/6/1, 14:34:10, 17.8750, 17.8750, 17.9375
2021/6/1, 14:34:15, 17.8750, 17.8750, 17.9375
2021/6/1, 14:34:20, 17.8750, 17.8750, 17.9375
2021/6/1, 14:34:25, 17.8750, 17.9375, 18.0000
2021/6/1, 14:34:30, 17.9375, 18.0000, 17.9375
2021/6/1, 14:34:35, 18.0000, 18.0000, 17.9375
2021/6/1, 14:34:40, 17.9375, 17.9375, 18.0625
2021/6/1, 14:34:45, 18.0625, 18.0000, 18.0625
2021/6/1, 14:34:50, 18.0000, 18.0000, 18.0625
2021/6/1, 14:34:55, 18.0625, 18.0625, 18.0625
2021/6/1, 14:35:0, 18.1250, 18.0625, 18.1250
2021/6/1, 14:35:5, 18.0625, 18.0625, 18.0625
2021/6/1, 14:35:10, 18.1250, 18.1250, 18.1250
2021/6/1, 14:35:15, 18.1250, 18.1250, 18.1250
2021/6/1, 14:35:20, 18.1250, 18.1875, 18.1250
2021/6/1, 14:35:25, 18.1875, 18.1875, 18.1875
2021/6/1, 14:35:30, 18.1875, 18.1875, 18.2500
2021/6/1, 14:35:35, 18.2500, 18.1875, 18.2500
2021/6/1, 14:35:40, 18.2500, 18.1875, 18.2500
2021/6/1, 14:35:45, 18.3125, 18.2500, 18.2500
2021/6/1, 14:35:50, 18.3125, 18.2500, 18.3125
2021/6/1, 14:35:55, 18.3750, 18.2500, 18.3125
2021/6/1, 14:36:0, 18.3125, 18.3125, 18.3125
2021/6/1, 14:36:5, 18.3750, 18.3750, 18.3750
2021/6/1, 14:36:10, 18.3750, 18.3750, 18.3750
2021/6/1, 14:36:15, 18.3750, 18.3750, 18.3750
2021/6/1, 14:36:20, 18.4375, 18.3750, 18.4375
2021/6/1, 14:36:25, 18.5000, 18.4375, 18.4375
2021/6/1, 14:36:30, 18.5000, 18.4375, 18.5000
2021/6/1, 14:36:35, 18.5000, 18.4375, 18.5625
2021/6/1, 14:36:40, 18.5625, 18.5000, 18.5625
2021/6/1, 14:36:45, 18.5625, 18.5000, 18.5625
2021/6/1, 14:36:50, 18.5625, 18.5000, 18.6250
2021/6/1, 14:36:55, 18.5625, 18.5625, 18.5625
2021/6/1, 14:37:0, 18.6250, 18.5625, 18.5625
2021/6/1, 14:37:5, 18.6875, 18.5625, 18.6250
2021/6/1, 14:37:10, 18.6875, 18.6250, 18.6250
2021/6/1, 14:37:15, 18.6875, 18.6250, 18.6250
2021/6/1, 14:37:20, 18.6875, 18.6250, 18.7500
2021/6/1, 14:37:25, 18.7500, 18.6875, 18.6875
2021/6/1, 14:37:30, 18.7500, 18.6875, 18.7500
2021/6/1, 14:37:35, 18.8125, 18.6875, 18.7500
2021/6/1, 14:37:40, 18.7500, 18.6875, 18.7500
2021/6/1, 14:37:45, 18.8125, 18.7500, 18.8125
2021/6/1, 14:37:50, 18.8125, 18.7500, 18.8125
2021/6/1, 14:37:55, 18.8125, 18.8125, 18.8125
2021/6/1, 14:38:0, 18.8750, 18.8125, 18.8750
2021/6/1, 14:38:5, 18.8750, 18.8750, 18.8750
2021/6/1, 14:38:10, 18.9375, 18.8750, 18.9375
2021/6/1, 14:38:15, 19.0000, 18.8750, 18.9375
2021/6/1, 14:38:20, 18.9375, 18.8750, 18.9375
2021/6/1, 14:38:25, 18.9375, 18.9375, 19.0000
2021/6/1, 14:38:30, 19.0625, 18.9375, 19.0000
2021/6/1, 14:38:35, 19.0000, 18.9375, 19.0625
2021/6/1, 14:38:40, 19.0625, 19.0000, 19.0625
2021/6/1, 14:38:45, 19.1250, 19.0000, 19.0625
2021/6/1, 14:38:50, 19.0625, 19.0000, 19.0625
2021/6/1, 14:38:55, 19.1250, 19.0625, 19.1250
2021/6/1, 14:39:0, 19.1250, 19.0625, 19.1250
2021/6/1, 14:39:5, 19.1875, 19.1250, 19.1250
2021/6/1, 14:39:10, 19.1875, 19.1250, 19.1250
2021/6/1, 14:39:15, 19.2500, 19.1250, 19.1875
2021/6/1, 14:39:20, 19.1875, 19.1250, 19.2500
2021/6/1, 14:39:25, 19.2500, 19.1250, 19.1875
2021/6/1, 14:39:30, 19.2500, 19.1875, 19.2500
2021/6/1, 14:39:35, 19.3125, 19.1875, 19.2500
2021/6/1, 14:39:40, 19.3125, 19.1875, 19.2500
2021/6/1, 14:39:45, 19.3125, 19.2500, 19.3125
2021/6/1, 14:39:50, 19.4375, 19.2500, 19.3125
2021/6/1, 14:39:55, 19.4375, 19.2500, 19.3750
2021/6/1, 14:40:0, 19.4375, 19.3125, 19.3750
2021/6/1, 14:40:5, 19.4375, 19.3750, 19.3750
2021/6/1, 14:40:10, 19.4375, 19.3750, 19.3750
2021/6/1, 14:40:15, 19.5000, 19.3750, 19.4375
2021/6/1, 14:40:20, 19.5000, 19.4375, 19.4375
2021/6/1, 14:40:25, 19.5000, 19.4375, 19.4375
2021/6/1, 14:40:30, 19.5625, 19.4375, 19.5000
2021/6/1, 14:40:35, 19.5625, 19.4375, 19.5000
2021/6/1, 14:40:40, 19.5625, 19.4375, 19.5625
2021/6/1, 14:40:45, 19.6250, 19.5000, 19.5625
2021/6/1, 14:40:50, 19.6250, 19.5000, 19.5625
2021/6/1, 14:40:55, 19.6875, 19.5625, 19.5625
2021/6/1, 14:41:0, 19.6875, 19.6250, 19.6250
2021/6/1, 14:41:5, 19.7500, 19.5625, 19.6250
2021/6/1, 14:41:10, 19.7500, 19.6250, 19.6875
2021/6/1, 14:41:15, 19.7500, 19.6250, 19.6875
2021/6/1, 14:41:20, 19.7500, 19.6250, 19.6875
2021/6/1, 14:41:25, 19.8125, 19.6875, 19.6875
2021/6/1, 14:41:30, 19.8125, 19.6875, 19.6875
2021/6/1, 14:41:35, 19.8125, 19.6875, 19.7500
2021/6/1, 14:41:40, 19.8750, 19.6875, 19.7500
2021/6/1, 14:41:45, 19.8750, 19.7500, 19.7500
2021/6/1, 14:41:50, 19.9375, 19.8125, 19.8125
2021/6/1, 14:41:55, 19.9375, 19.7500, 19.8125
2021/6/1, 14:42:0, 19.9375, 19.8125, 19.9375
2021/6/1, 14:42:5, 19.9375, 19.8750, 19.8750
2021/6/1, 14:42:10, 20.0000, 19.8125, 19.9375
2021/6/1, 14:42:15, 20.0625, 19.8750, 19.9375
2021/6/1, 14:42:20, 20.0000, 19.9375, 19.9375
2021/6/1, 14:42:25, 20.1250, 19.8750, 20.0000
2021/6/1, 14:42:30, 20.0625, 19.9375, 19.9375
2021/6/1, 14:42:35, 20.1250, 19.9375, 20.0000
2021/6/1, 14:42:40, 20.1250, 20.0000, 20.0625
2021/6/1, 14:42:45, 20.1875, 20.0000, 20.0625
2021/6/1, 14:42:50, 20.1875, 20.0000, 20.1250
2021/6/1, 14:42:55, 20.1875, 20.0000, 20.0625
2021/6/1, 14:43:0, 20.1875, 20.0625, 20.1250
2021/6/1, 14:43:5, 20.2500, 20.0625, 20.1875
2021/6/1, 14:43:10, 20.2500, 20.1250, 20.1250
2021/6/1, 14:43:15, 20.2500, 20.1250, 20.1875
2021/6/1, 14:43:20, 20.3125, 20.1250, 20.1875
2021/6/1, 14:43:25, 20.3750, 20.1250, 20.2500
2021/6/1, 14:43:30, 20.3750, 20.1875, 20.2500
2021/6/1, 14:43:35, 20.3125, 20.1875, 20.2500
2021/6/1, 14:43:40, 20.3750, 20.1875, 20.3125
2021/6/1, 14:43:45, 20.4375, 20.2500, 20.2500
2021/6/1, 14:43:50, 20.4375, 20.2500, 20.3125
2021/6/1, 14:43:55, 20.4375, 20.2500, 20.3125
2021/6/1, 14:44:0, 20.4375, 20.3125, 20.3750
2021/6/1, 14:44:5, 20.5000, 20.3125, 20.4375
2021/6/1, 14:44:10, 20.5000, 20.3750, 20.3750
2021/6/1, 14:44:15, 20.5625, 20.3750, 20.4375
2021/6/1, 14:44:20, 20.6250, 20.3750, 20.5000
2021/6/1, 14:44:25, 20.5625, 20.3750, 20.4375
2021/6/1, 14:44:30, 20.6250, 20.4375, 20.5000
2021/6/1, 14:44:35, 20.6250, 20.4375, 20.5000
2021/6/1, 14:44:40, 20.6250, 20.4375, 20.5625
2021/6/1, 14:44:45, 20.6250, 20.5000, 20.5625
2021/6/1, 14:44:50, 20.6875, 20.5000, 20.5625
2021/6/1, 14:44:55, 20.7500, 20.5625, 20.6250
2021/6/1, 14:45:0, 20.7500, 20.5625, 20.6250
2021/6/1, 14:45:5, 20.7500, 20.5625, 20.6875
2021/6/1, 14:45:10, 20.8125, 20.6250, 20.6250
2021/6/1, 14:45:15, 20.8125, 20.6250, 20.6875
2021/6/1, 14:45:20, 20.8125, 20.6250, 20.6875
2021/6/1, 14:45:25, 20.8125, 20.6250, 20.7500
2021/6/1, 14:45:30, 20.8750, 20.6875, 20.7500
2021/6/1, 14:45:35, 20.8750, 20.6875, 20.7500
2021/6/1, 14:45:40, 20.9375, 20.6875, 20.8125
2021/6/1, 14:45:45, 20.9375, 20.6875, 20.8125
2021/6/1, 14:45:50, 20.9375, 20.7500, 20.8125
2021/6/1, 14:45:55, 20.9375, 20.7500, 20.8750
2021/6/1, 14:46:0, 21.0000, 20.8125, 20.8125
2021/6/1, 14:46:5, 21.0625, 20.8125, 20.8750
2021/6/1, 14:46:10, 21.0625, 20.8750, 20.8750
2021/6/1, 14:46:15, 21.0625, 20.8750, 20.8750
2021/6/1, 14:46:20, 21.0625, 20.8750, 20.9375
2021/6/1, 14:46:25, 21.0625, 20.8750, 20.9375
2021/6/1, 14:46:30, 21.0625, 20.9375, 20.9375
2021/6/1, 14:46:35, 21.1250, 20.9375, 21.0000
2021/6/1, 14:46:40, 21.1875, 21.0000, 21.0000
2021/6/1, 14:46:45, 21.1875, 21.0000, 21.0000
2021/6/1, 14:46:50, 21.2500, 21.0000, 21.0000
2021/6/1, 14:46:55, 21.2500, 21.0000, 21.0625
2021/6/1, 14:47:0, 21.2500, 21.0000, 21.1250
2021/6/1, 14:47:5, 21.2500, 21.0625, 21.1250
2021/6/1, 14:47:10, 21.2500, 21.0625, 21.1250
2021/6/1, 14:47:15, 21.2500, 21.1250, 21.1250
2021/6/1, 14:47:20, 21.3125, 21.1250, 21.1250
2021/6/1, 14:47:25, 21.3750, 21.1875, 21.1875
2021/6/1, 14:47:30, 21.3750, 21.1250, 21.1875
2021/6/1, 14:47:35, 21.3750, 21.1875, 21.1875
2021/6/1, 14:47:40, 21.3750, 21.1875, 21.2500
2021/6/1, 14:47:45, 21.4375, 21.1875, 21.3125
2021/6/1, 14:47:50, 21.5000, 21.2500, 21.3125
2021/6/1, 14:47:55, 21.5000, 21.2500, 21.3125
2021/6/1, 14:48:0, 21.5000, 21.3125, 21.3750
2021/6/1, 14:48:5, 21.5000, 21.3125, 21.3750
2021/6/1, 14:48:10, 21.5625, 21.3125, 21.3750
2021/6/1, 14:48:15, 21.5625, 21.3125, 21.3750
2021/6/1, 14:48:20, 21.5625, 21.3750, 21.3750
2021/6/1, 14:48:25, 21.6250, 21.3750, 21.3750
2021/6/1, 14:48:30, 21.5625, 21.3750, 21.4375
2021/6/1, 14:48:35, 21.6875, 21.3750, 21.4375
2021/6/1, 14:48:40, 21.6875, 21.4375, 21.4375
2021/6/1, 14:48:45, 21.6875, 21.4375, 21.5000
2021/6/1, 14:48:50, 21.7500, 21.5000, 21.5000
2021/6/1, 14:48:55, 21.7500, 21.5000, 21.5000
2021/6/1, 14:49:0, 21.8125, 21.5625, 21.5000
2021/6/1, 14:49:5, 21.7500, 21.5000, 21.5000
2021/6/1, 14:49:10, 21.8125, 21.5000, 21.5000
2021/6/1, 14:49:15, 21.8125, 21.5625, 21.6250
2021/6/1, 14:49:20, 21.8750, 21.5625, 21.5625
2021/6/1, 14:49:25, 21.8125, 21.6250, 21.6250
2021/6/1, 14:49:30, 21.8750, 21.6250, 21.5625
2021/6/1, 14:49:35, 21.9375, 21.6250, 21.6250
2021/6/1, 14:49:40, 21.9375, 21.6875, 21.6250
2021/6/1, 14:49:45, 22.0000, 21.6875, 21.6250
2021/6/1, 14:49:50, 21.9375, 21.6875, 21.6875
2021/6/1, 14:49:55, 21.9375, 21.6875, 21.6875
2021/6/1, 14:50:0, 22.0625, 21.7500, 21.6875
2021/6/1, 14:50:5, 22.0625, 21.7500, 21.7500
2021/6/1, 14:50:10, 22.0625, 21.8125, 21.7500
2021/6/1, 14:50:15, 22.0000, 21.8125, 21.8125
2021/6/1, 14:50:20, 22.0625, 21.8125, 21.8125
2021/6/1, 14:50:25, 22.1250, 21.8125, 21.8125
2021/6/1, 14:50:30, 22.1250, 21.8125, 21.8750
2021/6/1, 14:50:35, 22.1250, 21.9375, 21.8750
2021/6/1, 14:50:40, 22.1250, 21.8750, 21.8750
2021/6/1, 14:50:45, 22.1875, 21.9375, 21.8750
2021/6/1, 14:50:50, 22.1875, 21.9375, 21.9375
2021/6/1, 14:50:55, 22.2500, 21.9375, 22.0000
2021/6/1, 14:51:0, 22.2500, 22.0000, 22.0000
2021/6/1, 14:51:5, 22.3125, 22.0000, 22.0000
2021/6/1, 14:51:10, 22.3125, 22.0625, 22.0625
2021/6/1, 14:51:15, 22.3125, 22.0625, 22.0625
2021/6/1, 14:51:20, 22.3125, 22.1250, 22.0625
2021/6/1, 14:51:25, 22.3750, 22.1250, 22.0625
2021/6/1, 14:51:30, 22.3750, 22.1250, 22.1250
2021/6/1, 14:51:35, 22.4375, 22.1875, 22.1250
2021/6/1, 14:51:40, 22.4375, 22.1875, 22.1875
2021/6/1, 14:51:45, 22.4375, 22.1875, 22.2500
2021/6/1, 14:51:50, 22.4375, 22.2500, 22.2500
2021/6/1, 14:51:55, 22.5000, 22.2500, 22.2500
2021/6/1, 14:52:0, 22.5000, 22.2500, 22.2500
2021/6/1, 14:52:5, 22.6250, 22.3125, 22.3125
2021/6/1, 14:52:10, 22.6250, 22.3125, 22.3125
2021/6/1, 14:52:15, 22.5625, 22.3125, 22.3750
2021/6/1, 14:52:20, 22.6250, 22.3125, 22.3750
2021/6/1, 14:52:25, 22.6250, 22.3750, 22.3125
2021/6/1, 14:52:30, 22.6250, 22.3750, 22.3750
2021/6/1, 14:52:35, 22.6875, 22.3750, 22.3750
2021/6/1, 14:52:40, 22.6875, 22.3750, 22.4375
2021/6/1, 14:52:45, 22.7500, 22.3750, 22.4375
2021/6/1, 14:52:50, 22.7500, 22.4375, 22.5000
2021/6/1, 14:52:55, 22.7500, 22.5000, 22.5000
2021/6/1, 14:53:0, 22.8125, 22.5000, 22.5000
2021/6/1, 14:53:5, 22.7500, 22.5000, 22.5000
2021/6/1, 14:53:10, 22.8125, 22.5625, 22.5625
2021/6/1, 14:53:15, 22.8125, 22.5000, 22.5625
2021/6/1, 14:53:20, 22.8750, 22.5625, 22.6250
2021/6/1, 14:53:25, 22.8750, 22.5625, 22.5625
2021/6/1, 14:53:30, 22.8750, 22.6250, 22.6250
2021/6/1, 14:53:35, 22.9375, 22.6250, 22.6875
2021/6/1, 14:53:40, 22.9375, 22.6250, 22.6875
2021/6/1, 14:53:45, 23.0000, 22.6875, 22.6250
2021/6/1, 14:53:50, 23.0000, 22.6875, 22.6875
2021/6/1, 14:53:55, 23.0000, 22.7500, 22.7500
2021/6/1, 14:54:0, 23.0625, 22.7500, 22.7500
2021/6/1, 14:54:5, 23.0625, 22.8125, 22.7500
2021/6/1, 14:54:10, 23.0625, 22.7500, 22.8125
2021/6/1, 14:54:15, 23.0625, 22.8125, 22.8125
2021/6/1, 14:54:20, 23.0625, 22.8125, 22.8125
2021/6/1, 14:54:25, 23.1250, 22.8125, 22.8125
2021/6/1, 14:54:30, 23.1875, 22.8750, 22.8750
2021/6/1, 14:54:35, 23.1875, 22.8750, 22.8750
2021/6/1, 14:54:40, 23.1875, 22.9375, 22.8750
2021/6/1, 14:54:45, 23.1875, 22.9375, 22.9375
2021/6/1, 14:54:50, 23.2500, 22.9375, 23.0000
2021/6/1, 14:54:55, 23.2500, 22.9375, 22.9375
2021/6/1, 14:55:0, 23.3125, 23.0000, 23.0000
2021/6/1, 14:55:5, 23.2500, 22.9375, 23.0000
2021/6/1, 14:55:10, 23.3125, 23.0000, 23.0625
2021/6/1, 14:55:15, 23.3125, 23.0625, 23.0000
2021/6/1, 14:55:20, 23.3125, 23.0625, 23.0625
2021/6/1, 14:55:25, 23.3750, 23.0625, 23.1250
2021/6/1, 14:55:30, 23.3750, 23.1250, 23.0625
2021/6/1, 14:55:35, 23.4375, 23.1250, 23.1250
2021/6/1, 14:55:40, 23.4375, 23.1250, 23.1250
2021/6/1, 14:55:45, 23.4375, 23.1250, 23.1875
2021/6/1, 14:55:50, 23.4375, 23.1875, 23.1875
2021/6/1, 14:55:55, 23.5000, 23.1875, 23.1875
2021/6/1, 14:56:0, 23.5000, 23.2500, 23.2500
2021/6/1, 14:56:5, 23.5625, 23.2500, 23.2500
2021/6/1, 14:56:10, 23.5625, 23.2500, 23.2500
2021/6/1, 14:56:15, 23.5625, 23.2500, 23.2500
2021/6/1, 14:56:20, 23.5625, 23.3125, 23.3125
2021/6/1, 14:56:25, 23.6250, 23.3750, 23.3125
2021/6/1, 14:56:30, 23.6875, 23.3125, 23.3750
2021/6/1, 14:56:35, 23.6875, 23.3750, 23.3125
2021/6/1, 14:56:40, 23.6875, 23.3750, 23.3750
2021/6/1, 14:56:45, 23.6875, 23.3750, 23.3750
2021/6/1, 14:56:50, 23.7500, 23.3750, 23.3750
2021/6/1, 14:56:55, 23.7500, 23.3750, 23.4375
2021/6/1, 14:57:0, 23.6875, 23.5000, 23.4375
2021/6/1, 14:57:5, 23.7500, 23.5000, 23.4375
2021/6/1, 14:57:10, 23.8125, 23.4375, 23.5000
2021/6/1, 14:57:15, 23.8125, 23.5000, 23.5625
2021/6/1, 14:57:20, 23.8750, 23.5000, 23.5625
2021/6/1, 14:57:25, 23.8750, 23.5000, 23.5625
2021/6/1, 14:57:30, 23.8750, 23.5625, 23.6250
2021/6/1, 14:57:35, 23.9375, 23.5625, 23.6250
2021/6/1, 14:57:40, 23.9375, 23.6250, 23.6250
2021/6/1, 14:57:45, 23.9375, 23.6250, 23.6250
2021/6/1, 14:57:50, 23.9375, 23.6250, 23.6875
2021/6/1, 14:57:55, 23.9375, 23.6250, 23.6875
2021/6/1, 14:58:0, 24.0000, 23.6875, 23.6875
2021/6/1, 14:58:5, 24.0625, 23.6875, 23.7500
2021/6/1, 14:58:10, 24.0625, 23.7500, 23.7500
2021/6/1, 14:58:15, 24.0625, 23.7500, 23.7500
2021/6/1, 14:58:20, 24.0625, 23.8125, 23.8125
2021/6/1, 14:58:25, 24.1250, 23.8125, 23.8125
2021/6/1, 14:58:30, 24.1250, 23.8125, 23.8125
2021/6/1, 14:58:35, 24.1250, 23.8125, 23.8125
2021/6/1, 14:58:40, 24.1875, 23.8125, 23.8125
2021/6/1, 14:58:45, 24.1875, 23.8750, 23.8750
2021/6/1, 14:58:50, 24.1875, 23.8750, 23.8750
2021/6/1, 14:58:55, 24.1875, 23.8750, 23.9375
2021/6/1, 14:59:0, 24.2500, 23.9375, 23.9375
2021/6/1, 14:59:5, 24.2500, 23.9375, 23.9375
2021/6/1, 14:59:10, 24.3125, 23.9375, 24.0000
2021/6/1, 14:59:15, 24.3125, 24.0000, 24.0000
2021/6/1, 14:59:20, 24.3750, 24.0000, 24.0000
2021/6/1, 14:59:25, 24.3750, 24.0000, 24.0000
2021/6/1, 14:59:30, 24.3750, 24.0625, 24.0625
2021/6/1, 14:59:35, 24.3750, 24.0625, 24.0625
2021/6/1, 14:59:40, 24.3750, 24.0625, 24.0625
2021/6/1, 14:59:45, 24.3750, 24.1250, 24.1250
2021/6/1, 14:59:50, 24.4375, 24.1250, 24.1250
2021/6/1, 14:59:55, 24.5000, 24.1875, 24.1875
2021/6/1, 15:0:0, 24.5000, 24.1250, 24.1250
2021/6/1, 15:0:5, 24.5000, 24.1875, 24.2500
2021/6/1, 15:0:10, 24.5000, 24.1875, 24.1875
2021/6/1, 15:0:15, 24.5625, 24.2500, 24.1875
2021/6/1, 15:0:20, 24.6250, 24.1875, 24.2500
2021/6/1, 15:0:25, 24.5625, 24.2500, 24.2500
2021/6/1, 15:0:30, 24.6250, 24.2500, 24.2500
2021/6/1, 15:0:35, 24.6250, 24.3125, 24.3125
2021/6/1, 15:0:40, 24.6875, 24.3125, 24.3125
2021/6/1, 15:0:45, 24.6875, 24.3125, 24.3125
2021/6/1, 15:0:50, 24.6875, 24.3750, 24.3750
2021/6/1, 15:0:55, 24.6875, 24.3750, 24.3750
2021/6/1, 15:1:0, 24.7500, 24.3750, 24.4375
2021/6/1, 15:1:5, 24.7500, 24.4375, 24.4375
2021/6/1, 15:1:10, 24.7500, 24.4375, 24.4375
2021/6/1, 15:1:15, 24.8125, 24.4375, 24.4375
2021/6/1, 15:1:20, 24.8125, 24.4375, 24.5000
2021/6/1, 15:1:25, 24.8125, 24.5000, 24.5000
2021/6/1, 15:1:30, 24.8750, 24.5000, 24.5000
2021/6/1, 15:1:35, 24.8750, 24.5000, 24.5625
2021/6/1, 15:1:40, 24.8750, 24.5000, 24.5625
2021/6/1, 15:1:45, 24.9375, 24.5625, 24.6250
2021/6/1, 15:1:50, 24.8750, 24.6250, 24.6250
2021/6/1, 15:1:55, 25.0000, 24.5625, 24.6250
2021/6/1, 15:2:0, 25.0000, 24.6250, 24.6250
2021/6/1, 15:2:5, 25.0000, 24.6250, 24.6875
2021/6/1, 15:2:10, 25.0000, 24.6875, 24.6250
2021/6/1, 15:2:15, 25.0625, 24.6875, 24.6875
2021/6/1, 15:2:20, 25.0625, 24.6875, 24.7500
2021/6/1, 15:2:25, 25.1250, 24.6875, 24.6875
2021/6/1, 15:2:30, 25.0625, 24.6875, 24.6875
2021/6/1, 15:2:35, 25.1250, 24.7500, 24.7500
2021/6/1, 15:2:40, 25.1250, 24.8125, 24.7500
2021/6/1, 15:2:45, 25.1875, 24.8125, 24.7500
2021/6/1, 15:2:50, 25.2500, 24.8125, 24.8750
2021/6/1, 15:2:55, 25.1875, 24.8125, 24.8125
2021/6/1, 15:3:0, 25.1875, 24.8125, 24.8750
2021/6/1, 15:3:5, 25.2500, 24.8750, 24.9375
2021/6/1, 15:3:10, 25.3125, 24.8750, 24.8750
2021/6/1, 15:3:15, 25.3125, 24.8750, 24.9375
2021/6/1, 15:3:20, 25.2500, 24.9375, 24.9375
2021/6/1, 15:3:25, 25.3125, 24.9375, 24.9375
2021/6/1, 15:3:30, 25.3125, 24.9375, 25.0000
2021/6/1, 15:3:35, 25.3750, 25.0000, 25.0000
2021/6/1, 15:3:40, 25.3750, 25.0000, 25.0000
2021/6/1, 15:3:45, 25.4375, 25.0000, 25.0000
2021/6/1, 15:3:50, 25.4375, 25.0000, 25.0625
2021/6/1, 15:3:55, 25.4375, 25.0000, 25.0625
2021/6/1, 15:4:0, 25.4375, 25.0625, 25.1250
2021/6/1, 15:4:5, 25.4375, 25.1250, 25.1250
2021/6/1, 15:4:10, 25.5000, 25.1250, 25.1250
2021/6/1, 15:4:15, 25.5000, 25.1250, 25.1250
2021/6/1, 15:4:20, 25.5000, 25.1250, 25.1875
2021/6/1, 15:4:25, 25.5625, 25.1875, 25.1875
2021/6/1, 15:4:30, 25.5625, 25.1875, 25.1875
2021/6/1, 15:4:35, 25.6250, 25.1875, 25.1875
2021/6/1, 15:4:40, 25.5625, 25.1875, 25.2500
2021/6/1, 15:4:45, 25.6250, 25.2500, 25.2500
2021/6/1, 15:4:50, 25.6250, 25.2500, 25.2500
2021/6/1, 15:4:55, 25.6250, 25.1875, 25.3125
2021/6/1, 15:5:0, 25.6875, 25.2500, 25.3125
2021/6/1, 15:5:5, 25.7500, 25.3125, 25.3750
2021/6/1, 15:5:10, 25.7500, 25.3125, 25.3750
2021/6/1, 15:5:15, 25.6875, 25.3125, 25.3750
2021/6/1, 15:5:20, 25.7500, 25.3750, 25.4375
2021/6/1, 15:5:25, 25.7500, 25.4375, 25.4375
2021/6/1, 15:5:30, 25.8125, 25.3750, 25.4375
2021/6/1, 15:5:35, 25.8125, 25.4375, 25.4375
2021/6/1, 15:5:40, 25.8125, 25.3750, 25.4375
2021/6/1, 15:5:45, 25.8750, 25.4375, 25.5000
2021/6/1, 15:5:50, 25.8750, 25.4375, 25.5000
2021/6/1, 15:5:55, 25.8750, 25.4375, 25.5000
2021/6/1, 15:6:0, 25.8750, 25.5625, 25.5625
2021/6/1, 15:6:5, 26.0000, 25.5000, 25.5625
2021/6/1, 15:6:10, 25.9375, 25.5000, 25.6250
2021/6/1, 15:6:15, 26.0000, 25.5625, 25.6250
2021/6/1, 15:6:20, 26.0000, 25.5625, 25.6250
2021/6/1, 15:6:25, 26.0000, 25.6250, 25.6250
2021/6/1, 15:6:30, 26.0625, 25.6250, 25.6875
2021/6/1, 15:6:35, 26.0625, 25.6250, 25.6875
2021/6/1, 15:6:40, 26.0625, 25.6250, 25.7500
2021/6/1, 15:6:45, 26.0625, 25.6875, 25.6875
2021/6/1, 15:6:50, 26.1250, 25.6875, 25.6875
2021/6/1, 15:6:55, 26.1250, 25.7500, 25.7500
2021/6/1, 15:7:0, 26.1250, 25.7500, 25.7500
2021/6/1, 15:7:5, 26.1875, 25.7500, 25.7500
2021/6/1, 15:7:10, 26.2500, 25.7500, 25.7500
2021/6/1, 15:7:15, 26.1875, 25.8125, 25.8125
2021/6/1, 15:7:20, 26.2500, 25.7500, 25.8125
2021/6/1, 15:7:25, 26.3125, 25.8125, 25.8750
2021/6/1, 15:7:30, 26.3125, 25.8125, 25.8125
2021/6/1, 15:7:35, 26.3125, 25.8750, 25.8750
2021/6/1, 15:7:40, 26.3125, 25.8750, 25.8750
2021/6/1, 15:7:45, 26.3125, 25.8750, 25.8750
2021/6/1, 15:7:50, 26.3750, 25.9375, 25.8750
2021/6/1, 15:7:55, 26.3750, 25.8750, 25.8750
2021/6/1, 15:8:0, 26.3750, 25.9375, 25.8750
2021/6/1, 15:8:5, 26.4375, 25.9375, 25.8750
2021/6/1, 15:8:10, 26.4375, 26.0000, 25.8750
2021/6/1, 15:8:15, 26.4375, 25.9375, 25.9375
2021/6/1, 15:8:20, 26.4375, 26.0000, 25.9375
2021/6/1, 15:8:25, 26.5000, 26.0625, 25.9375
2021/6/1, 15:8:30, 26.4375, 26.0000, 26.0000
2021/6/1, 15:8:35, 26.5000, 26.0000, 25.9375
2021/6/1, 15:8:40, 26.5625, 26.0000, 26.0000
2021/6/1, 15:8:45, 26.5000, 26.0625, 25.9375
2021/6/1, 15:8:50, 26.5625, 26.0625, 26.0000
2021/6/1, 15:8:55, 26.6250, 26.1250, 26.0000
2021/6/1, 15:9:0, 26.5625, 26.0625, 26.0000
2021/6/1, 15:9:5, 26.6250, 26.1875, 26.0625
2021/6/1, 15:9:10, 26.6875, 26.1875, 26.0625
2021/6/1, 15:9:15, 26.6875, 26.1875, 26.1250
2021/6/1, 15:9:20, 26.6875, 26.1875, 26.1250
2021/6/1, 15:9:25, 26.6875, 26.1875, 26.1250
2021/6/1, 15:9:30, 26.7500, 26.2500, 26.1250
2021/6/1, 15:9:35, 26.7500, 26.2500, 26.1250
2021/6/1, 15:9:40, 26.7500, 26.3125, 26.1250
2021/6/1, 15:9:45, 26.8125, 26.3125, 26.1875
2021/6/1, 15:9:50, 26.8125, 26.3125, 26.1875
2021/6/1, 15:9:55, 26.8750, 26.3750, 26.2500
2021/6/1, 15:10:0, 26.8125, 26.3125, 26.3125
2021/6/1, 15:10:5, 26.8750, 26.3125, 26.2500
2021/6/1, 15:10:10, 26.8750, 26.3750, 26.2500
2021/6/1, 15:10:15, 26.8750, 26.3750, 26.3125
2021/6/1, 15:10:20, 26.9375, 26.4375, 26.3125
2021/6/1, 15:10:25, 26.9375, 26.4375, 26.3125
2021/6/1, 15:10:30, 26.9375, 26.4375, 26.3750
2021/6/1, 15:10:35, 27.0000, 26.5000, 26.3750
2021/6/1, 15:10:40, 27.0000, 26.5000, 26.4375
2021/6/1, 15:10:45, 27.0000, 26.5625, 26.4375
2021/6/1, 15:10:50, 27.0000, 26.5625, 26.4375
2021/6/1, 15:10:55, 27.0625, 26.5625, 26.5000
2021/6/1, 15:11:0, 27.0625, 26.5625, 26.5000
2021/6/1, 15:11:5, 27.1250, 26.6250, 26.5625
2021/6/1, 15:11:10, 27.1250, 26.6250, 26.5000
2021/6/1, 15:11:15, 27.0625, 26.6250, 26.5625
2021/6/1, 15:11:20, 27.1250, 26.6875, 26.6250
2021/6/1, 15:11:25, 27.1875, 26.6875, 26.6250
2021/6/1, 15:11:30, 27.1875, 26.6875, 26.6250
2021/6/1, 15:11:35, 27.2500, 26.7500, 26.6250
2021/6/1, 15:11:40, 27.2500, 26.8125, 26.6875
2021/6/1, 15:11:45, 27.2500, 26.7500, 26.6875
2021/6/1, 15:11:50, 27.2500, 26.7500, 26.6875
2021/6/1, 15:11:55, 27.3125, 26.8125, 26.6875
2021/6/1, 15:12:0, 27.3125, 26.8125, 26.6875
2021/6/1, 15:12:5, 27.3750, 26.8750, 26.7500
2021/6/1, 15:12:10, 27.3125, 26.8750, 26.7500
2021/6/1, 15:12:15, 27.3750, 26.8750, 26.7500
2021/6/1, 15:12:20, 27.3750, 26.8750, 26.8125
2021/6/1, 15:12:25, 27.3750, 26.9375, 26.8125
2021/6/1, 15:12:30, 27.3750, 27.0000, 26.8125
2021/6/1, 15:12:35, 27.4375, 26.9375, 26.8750
2021/6/1, 15:12:40, 27.5000, 26.9375, 26.8750
2021/6/1, 15:12:45, 27.5000, 27.0000, 26.8750
2021/6/1, 15:12:50, 27.5000, 27.0625, 26.8750
2021/6/1, 15:12:55, 27.5625, 27.0625, 26.9375
2021/6/1, 15:13:0, 27.5000, 27.0625, 26.9375
2021/6/1, 15:13:5, 27.5000, 27.0625, 26.9375
2021/6/1, 15:13:10, 27.5625, 27.1250, 26.9375
2021/6/1, 15:13:15, 27.6250, 27.1250, 27.0000
2021/6/1, 15:13:20, 27.6250, 27.1875, 27.0000
2021/6/1, 15:13:25, 27.6250, 27.1875, 27.0000
2021/6/1, 15:13:30, 27.6250, 27.1875, 27.0625
2021/6/1, 15:13:35, 27.6250, 27.1875, 27.0000
2021/6/1, 15:13:40, 27.6875, 27.1875, 27.0625
2021/6/1, 15:13:45, 27.7500, 27.2500, 27.0625
2021/6/1, 15:13:50, 27.7500, 27.2500, 27.1250
2021/6/1, 15:13:55, 27.7500, 27.2500, 27.1250
2021/6/1, 15:14:0, 27.7500, 27.2500, 27.1250
2021/6/1, 15:14:5, 27.7500, 27.2500, 27.1875
2021/6/1, 15:14:10, 27.7500, 27.3125, 27.1875
2021/6/1, 15:14:15, 27.8125, 27.3125, 27.1875
2021/6/1, 15:14:20, 27.8125, 27.3125, 27.1875
2021/6/1, 15:14:25, 27.8750, 27.3125, 27.2500
2021/6/1, 15:14:30, 27.8750, 27.3750, 27.2500
2021/6/1, 15:14:35, 27.8750, 27.3750, 27.2500
2021/6/1, 15:14:40, 27.8750, 27.4375, 27.3125
2021/6/1, 15:14:45, 27.9375, 27.4375, 27.3125
2021/6/1, 15:14:50, 27.9375, 27.4375, 27.3125
2021/6/1, 15:14:55, 27.9375, 27.5000, 27.3125
2021/6/1, 15:15:0, 28.0000, 27.5000, 27.3125
2021/6/1, 15:15:5, 27.9375, 27.5000, 27.3750
2021/6/1, 15:15:10, 28.0000, 27.5000, 27.3750
2021/6/1, 15:15:15, 28.0625, 27.5625, 27.3750
2021/6/1, 15:15:20, 28.0625, 27.5625, 27.4375
2021/6/1, 15:15:25, 28.1250, 27.6250, 27.4375
2021/6/1, 15:15:30, 28.1250, 27.6250, 27.4375
2021/6/1, 15:15:35, 28.1250, 27.6250, 27.4375
2021/6/1, 15:15:40, 28.1250, 27.6875, 27.5000
2021/6/1, 15:15:45, 28.1250, 27.6875, 27.5000
2021/6/1, 15:15:50, 28.1875, 27.6875, 27.5000
2021/6/1, 15:15:55, 28.1875, 27.7500, 27.5000
2021/6/1, 15:16:0, 28.1875, 27.6875, 27.5000
2021/6/1, 15:16:5, 28.1875, 27.7500, 27.5625
2021/6/1, 15:16:10, 28.2500, 27.7500, 27.5625
2021/6/1, 15:16:15, 28.2500, 27.7500, 27.6250
2021/6/1, 15:16:20, 28.2500, 27.8125, 27.6250
2021/6/1, 15:16:25, 28.3125, 27.8125, 27.6250
2021/6/1, 15:16:30, 28.3750, 27.8125, 27.6250
2021/6/1, 15:16:35, 28.3125, 27.8750, 27.6875
2021/6/1, 15:16:40, 28.3125, 27.8750, 27.6875
2021/6/1, 15:16:45, 28.3750, 27.8750, 27.6875
2021/6/1, 15:16:50, 28.3750, 27.9375, 27.6875
2021/6/1, 15:16:55, 28.3750, 27.9375, 27.6875
2021/6/1, 15:17:0, 28.4375, 27.9375, 27.6875
2021/6/1, 15:17:5, 28.5000, 28.0000, 27.7500
2021/6/1, 15:17:10, 28.5000, 28.0000, 27.8125
2021/6/1, 15:17:15, 28.5000, 27.9375, 27.7500
2021/6/1, 15:17:20, 28.5000, 28.0000, 27.8125
2021/6/1, 15:17:25, 28.5000, 28.0625, 27.8125
2021/6/1, 15:17:30, 28.5000, 28.0625, 27.8125
2021/6/1, 15:17:35, 28.5625, 28.0625, 27.8750
2021/6/1, 15:17:40, 28.5625, 28.0625, 27.8125
2021/6/1, 15:17:45, 28.6250, 28.1250, 27.8750
2021/6/1, 15:17:50, 28.6250, 28.1250, 27.9375
2021/6/1, 15:17:55, 28.6250, 28.1875, 27.9375
2021/6/1, 15:18:0, 28.6250, 28.1250, 27.9375
2021/6/1, 15:18:5, 28.6250, 28.1875, 27.9375
2021/6/1, 15:18:10, 28.6875, 28.2500, 27.9375
2021/6/1, 15:18:15, 28.6875, 28.1875, 28.0000
2021/6/1, 15:18:20, 28.7500, 28.2500, 28.0625
2021/6/1, 15:18:25, 28.7500, 28.2500, 28.0625
2021/6/1, 15:18:30, 28.7500, 28.1875, 28.0000
2021/6/1, 15:18:35, 28.8125, 28.2500, 28.0000
2021/6/1, 15:18:40, 28.8125, 28.3125, 28.0625
2021/6/1, 15:18:45, 28.8125, 28.3125, 28.1250
2021/6/1, 15:18:50, 28.8125, 28.3125, 28.0625
2021/6/1, 15:18:55, 28.8750, 28.2500, 28.1875
2021/6/1, 15:19:0, 28.8750, 28.3125, 28.1875
2021/6/1, 15:19:5, 28.8750, 28.3750, 28.1250
2021/6/1, 15:19:10, 28.9375, 28.3750, 28.1250
2021/6/1, 15:19:15, 28.8750, 28.3750, 28.2500
2021/6/1, 15:19:20, 28.9375, 28.3750, 28.1875
2021/6/1, 15:19:25, 29.0000, 28.3750, 28.1875
2021/6/1, 15:19:30, 29.0000, 28.3750, 28.1875
2021/6/1, 15:19:35, 28.9375, 28.4375, 28.2500
2021/6/1, 15:19:40, 29.0000, 28.4375, 28.2500
2021/6/1, 15:19:45, 29.0000, 28.4375, 28.2500
2021/6/1, 15:19:50, 29.0625, 28.5000, 28.3125
2021/6/1, 15:19:55, 29.0625, 28.5000, 28.3125
2021/6/1, 15:20:0, 29.1250, 28.5000, 28.3125
2021/6/1, 15:20:5, 29.1250, 28.5625, 28.3125
2021/6/1, 15:20:10, 29.0625, 28.5000, 28.3750
2021/6/1, 15:20:15, 29.1250, 28.5625, 28.3750
2021/6/1, 15:20:20, 29.1250, 28.5625, 28.3750
2021/6/1, 15:20:25, 29.1875, 28.5625, 28.3750
2021/6/1, 15:20:30, 29.1875, 28.6250, 28.4375
2021/6/1, 15:20:35, 29.2500, 28.6250, 28.4375
2021/6/1, 15:20:40, 29.1875, 28.6250, 28.4375
2021/6/1, 15:20:45, 29.2500, 28.6250, 28.4375
2021/6/1, 15:20:50, 29.2500, 28.6250, 28.5000
2021/6/1, 15:20:55, 29.3125, 28.6875, 28.5000
2021/6/1, 15:21:0, 29.2500, 28.6875, 28.5000
2021/6/1, 15:21:5, 29.3125, 28.6875, 28.5000
2021/6/1, 15:21:10, 29.3750, 28.7500, 28.5625
2021/6/1, 15:21:15, 29.3125, 28.7500, 28.5000
2021/6/1, 15:21:20, 29.3125, 28.7500, 28.5625
2021/6/1, 15:21:25, 29.4375, 28.7500, 28.5625
2021/6/1, 15:21:30, 29.3750, 28.8125, 28.5625
2021/6/1, 15:21:35, 29.4375, 28.8125, 28.6250
2021/6/1, 15:21:40, 29.4375, 28.8125, 28.6250
2021/6/1, 15:21:45, 29.4375, 28.8750, 28.6250
2021/6/1, 15:21:50, 29.4375, 28.8750, 28.6875
2021/6/1, 15:21:55, 29.5000, 28.8750, 28.6875
2021/6/1, 15:22:0, 29.5000, 28.8750, 28.6875
2021/6/1, 15:22:5, 29.5000, 28.9375, 28.6875
2021/6/1, 15:22:10, 29.5000, 28.9375, 28.7500
2021/6/1, 15:22:15, 29.5625, 28.9375, 28.8125
2021/6/1, 15:22:20, 29.5625, 28.9375, 28.7500
2021/6/1, 15:22:25, 29.5625, 28.9375, 28.8125
2021/6/1, 15:22:30, 29.6250, 29.0000, 28.8125
2021/6/1, 15:22:35, 29.6250, 29.0000, 28.8125
2021/6/1, 15:22:40, 29.6250, 29.0000, 28.8125
2021/6/1, 15:22:45, 29.6875, 29.0000, 28.8750
2021/6/1, 15:22:50, 29.6875, 29.1250, 28.8750
2021/6/1, 15:22:55, 29.6875, 29.0625, 28.8750
2021/6/1, 15:23:0, 29.6875, 29.0625, 28.9375
2021/6/1, 15:23:5, 29.7500, 29.1250, 28.9375
2021/6/1, 15:23:10, 29.7500, 29.1250, 28.9375
2021/6/1, 15:23:15, 29.8125, 29.0625, 28.9375
2021/6/1, 15:23:20, 29.8125, 29.1875, 28.9375
2021/6/1, 15:23:25, 29.8125, 29.1250, 28.9375
2021/6/1, 15:23:30, 29.8125, 29.1875, 29.0625
2021/6/1, 15:23:35, 29.8750, 29.1875, 29.0000
2021/6/1, 15:23:40, 29.8750, 29.1875, 29.0000
2021/6/1, 15:23:45, 29.8750, 29.2500, 29.0625
2021/6/1, 15:23:50, 29.9375, 29.2500, 29.0625
2021/6/1, 15:23:55, 29.9375, 29.2500, 29.0625
2021/6/1, 15:24:0, 29.9375, 29.3125, 29.0625
2021/6/1, 15:24:5, 29.9375, 29.2500, 29.1250
2021/6/1, 15:24:10, 29.9375, 29.3125, 29.1250
2021/6/1, 15:24:15, 30.0000, 29.3125, 29.1875
2021/6/1, 15:24:20, 30.0000, 29.3125, 29.1250
2021/6/1, 15:24:25, 30.0000, 29.3125, 29.1875
2021/6/1, 15:24:30, 30.0625, 29.4375, 29.1875
2021/6/1, 15:24:35, 30.0625, 29.4375, 29.1875
2021/6/1, 15:24:40, 30.0625, 29.3750, 29.2500
2021/6/1, 15:24:45, 30.0625, 29.5000, 29.2500
2021/6/1, 15:24:50, 30.1250, 29.5000, 29.3125
2021/6/1, 15:24:55, 30.1250, 29.5000, 29.2500
2021/6/1, 15:25:0, 30.1875, 29.5000, 29.3125
2021/6/1, 15:25:5, 30.1875, 29.5000, 29.3750
2021/6/1, 15:25:10, 30.1875, 29.5625, 29.3750
2021/6/1, 15:25:15, 30.1875, 29.5000, 29.3750
2021/6/1, 15:25:20, 30.1875, 29.5625, 29.3750
2021/6/1, 15:25:25, 30.2500, 29.6250, 29.3750
2021/6/1, 15:25:30, 30.2500, 29.5625, 29.4375
2021/6/1, 15:25:35, 30.3125, 29.5625, 29.4375
2021/6/1, 15:25:40, 30.3125, 29.6250, 29.5000
2021/6/1, 15:25:45, 30.3125, 29.6250, 29.4375
2021/6/1, 15:25:50, 30.3125, 29.6250, 29.5000
2021/6/1, 15:25:55, 30.3750, 29.6250, 29.5000
2021/6/1, 15:26:0, 30.3125, 29.6875, 29.5000
2021/6/1, 15:26:5, 30.3750, 29.6875, 29.5625
2021/6/1, 15:26:10, 30.3750, 29.7500, 29.5625
2021/6/1, 15:26:15, 30.4375, 29.7500, 29.5625
2021/6/1, 15:26:20, 30.4375, 29.7500, 29.5625
2021/6/1, 15:26:25, 30.4375, 29.7500, 29.6250
2021/6/1, 15:26:30, 30.5000, 29.7500, 29.6250
2021/6/1, 15:26:35, 30.5000, 29.7500, 29.6250
2021/6/1, 15:26:40, 30.4375, 29.7500, 29.6250
2021/6/1, 15:26:45, 30.5625, 29.7500, 29.6875
2021/6/1, 15:26:50, 30.5625, 29.8125, 29.6875
2021/6/1, 15:26:55, 30.5000, 29.8125, 29.7500
2021/6/1, 15:27:0, 30.5625, 29.8750, 29.6875
2021/6/1, 15:27:5, 30.5625, 29.8750, 29.7500
2021/6/1, 15:27:10, 30.5625, 29.8750, 29.7500
2021/6/1, 15:27:15, 30.6250, 29.9375, 29.7500
2021/6/1, 15:27:20, 30.6250, 29.9375, 29.8125
2021/6/1, 15:27:25, 30.6875, 29.9375, 29.8750
2021/6/1, 15:27:30, 30.6875, 29.9375, 29.8750
2021/6/1, 15:27:35, 30.6875, 29.9375, 29.8125
2021/6/1, 15:27:40, 30.7500, 29.9375, 29.8750
2021/6/1, 15:27:45, 30.6875, 30.0000, 29.8750
2021/6/1, 15:27:50, 30.8125, 30.0625, 29.8750
2021/6/1, 15:27:55, 30.8125, 30.0625, 29.9375
2021/6/1, 15:28:0, 30.7500, 30.0625, 29.9375
2021/6/1, 15:28:5, 30.7500, 30.0625, 29.9375
2021/6/1, 15:28:10, 30.8125, 30.0625, 30.0000
2021/6/1, 15:28:15, 30.8125, 30.0625, 30.0000
2021/6/1, 15:28:20, 30.8125, 30.1250, 30.0000
2021/6/1, 15:28:25, 30.8750, 30.1250, 30.0000
2021/6/1, 15:28:30, 30.8750, 30.1250, 30.0000
2021/6/1, 15:28:35, 30.9375, 30.1250, 30.0625
2021/6/1, 15:28:40, 30.9375, 30.1875, 30.0625
2021/6/1, 15:28:45, 30.9375, 30.1875, 30.0625
2021/6/1, 15:28:50, 31.0000, 30.1875, 30.1250
2021/6/1, 15:28:55, 31.0000, 30.2500, 30.1250
2021/6/1, 15:29:0, 31.0000, 30.2500, 30.1250
2021/6/1, 15:29:5, 31.0000, 30.2500, 30.1250
2021/6/1, 15:29:10, 31.0000, 30.3125, 30.1875
2021/6/1, 15:29:15, 31.0625, 30.2500, 30.1875
2021/6/1, 15:29:20, 31.0625, 30.2500, 30.1875
2021/6/1, 15:29:25, 31.0625, 30.3125, 30.1875
2021/6/1, 15:29:30, 31.0625, 30.3125, 30.1875
2021/6/1, 15:29:35, 31.1250, 30.3125, 30.2500
2021/6/1, 15:29:40, 31.1250, 30.3750, 30.3125
2021/6/1, 15:29:45, 31.1875, 30.3750, 30.2500
2021/6/1, 15:29:50, 31.1875, 30.3750, 30.2500
2021/6/1, 15:29:55, 31.1875, 30.4375, 30.2500
2021/6/1, 15:30:0, 31.1875, 30.4375, 30.3750
2021/6/1, 15:30:5, 31.1875, 30.4375, 30.3750
2021/6/1, 15:30:10, 31.2500, 30.4375, 30.3750
2021/6/1, 15:30:15, 31.2500, 30.5000, 30.3750
2021/6/1, 15:30:20, 31.3125, 30.5000, 30.4375
2021/6/1, 15:30:25, 31.3125, 30.5625, 30.4375
2021/6/1, 15:30:30, 31.2500, 30.5625, 30.4375
